symmetry,longest_ortho_ratio,num_pixels_ratio,red_min,red_max,red_mean,red_median,red_std,green_min,green_max,green_mean,green_median,green_std,blue_min,blue_max,blue_mean,blue_median,blue_std,ecc,campactness,kurt,skewness
0.2882743846142324,0.8374573920224219,0.002516361111111111,5.0,208.0,68.74950601066355,57.0,48.239988135503225,3.0,199.0,55.6273995738997,38.0,45.736010242445985,0.0,193.0,40.43320933005111,24.0,36.701655931640374,0.38809094177152115,175.18718702861455,404.7286618977099,18.967235256351916
0.3275409443799694,0.6858371773229401,0.0028905833333333335,2.0,248.0,64.56063751069084,56.0,42.43502544760438,2.0,251.0,52.93194376375395,34.0,43.254607735790806,0.0,244.0,36.428700473760586,19.0,34.99274501987732,0.5955749956810977,173.77962165122992,319.5904123015167,17.050181931461267
0.33807062637342167,0.8065868607278778,0.007394916666666667,3.0,255.0,107.32034392995187,115.0,58.73681505647146,0.0,255.0,87.9829800501095,86.0,60.05595029954641,0.0,255.0,63.5085306347829,52.0,54.81931608686487,0.23682983251866233,163.11060422964158,94.81564980217611,9.398343383379432
0.3848254093175533,0.7109612586445162,0.004452069444444444,5.0,219.0,88.17060730184777,89.0,46.4037700753294,3.0,213.0,71.71353833579266,62.0,46.29746644133509,0.0,201.0,51.065063375646154,37.0,37.79713938422978,0.7350578154250519,185.485678702318,152.02653570393886,11.942613871901994
0.4063148944470604,0.7498272545217946,0.003075263888888889,6.0,255.0,123.54679589375799,134.0,62.406482341365944,0.0,250.0,101.31563235314043,92.0,63.138572571807444,0.0,245.0,81.3626021253822,64.0,60.768198193941835,0.6502798987715379,178.43224330016096,201.42061380407014,13.846053165350115
0.4258569628599959,0.9409084860108559,0.0019866111111111113,7.0,201.0,100.6989638972007,109.0,49.648224260264904,4.0,199.0,84.6591137895355,79.0,51.40879306472167,0.0,204.0,68.66333650269863,56.0,49.07375628961404,0.764577555072267,138.5218350969693,312.90187337813995,17.19302671708498
0.1710595082843664,0.4633155920328848,0.0019147916666666666,11.0,238.0,91.88559823015268,87.0,41.73936445448436,9.0,235.0,73.38764733616219,70.0,37.346859900976405,4.0,223.0,51.44724186704385,42.0,35.47479026443716,0.8995480470179231,98.82180921591655,410.7774273825233,18.747202073923418
0.38618210519269563,0.559102508027291,0.002515125,4.0,168.0,55.9666572790175,47.0,36.04324684331119,4.0,171.0,43.73760968363622,31.0,36.04585433286051,3.0,183.0,37.428032624841926,24.0,37.93971677823261,0.874501767933614,122.6187172680997,510.0229326773058,20.736948014781373
0.263764823257997,0.9486811615761119,0.00243825,6.0,255.0,87.81542431388633,95.0,52.55604929521224,3.0,255.0,71.47161557127721,64.0,51.744021337245634,0.0,254.0,68.5515567859462,59.0,54.58162812168259,0.5082049608250301,127.77637051842832,285.65397965931965,16.35022350814262
0.267038501802343,0.7993205968713839,0.005284152777777777,4.0,255.0,83.13247156723853,81.0,52.43271190559414,0.0,255.0,63.759180358461755,48.0,48.965634026404004,0.0,255.0,60.647623002741426,45.0,50.92246758118172,0.47002285898070206,118.31616263745352,146.23676164098111,11.595546309528055
0.37710618423067527,0.9314037292783258,0.004583972222222222,12.0,255.0,120.4454469982972,124.0,45.6968010345948,2.0,246.0,89.13674760487932,90.0,42.373613899032954,0.0,255.0,82.44037800791405,81.0,46.64205184596061,0.6121650012604252,67.7746321212245,123.67455034386442,10.68134356024152
0.2847673420910373,0.8911035070748302,0.006033305555555556,10.0,235.0,109.44749055014066,108.0,44.66342251527805,0.0,195.0,75.59699169885681,72.0,37.62483629441832,0.0,255.0,82.78642397064444,73.0,51.25393705375469,0.36077544957830804,100.19387698870712,110.50669116020444,9.872789457033717
0.1961621958541961,0.4722910868456565,0.005489305555555555,5.0,255.0,104.98507704374668,100.0,48.02479107832277,3.0,255.0,78.54115831288111,71.0,43.02599695746107,0.0,255.0,52.928259494471575,43.0,39.93412952580154,0.8959616068398765,115.72637922489272,134.2320793887774,10.94795720948123
0.46984996082504116,0.8165161192042032,0.003680972222222222,10.0,255.0,137.10091687733464,136.0,52.04310500554579,0.0,245.0,107.29220088291892,103.0,48.845506499422925,0.0,255.0,99.61676036675094,91.0,51.48905260726382,0.5685021532753587,94.39684837853588,147.58321872504322,11.724379579407401
0.4446774252265785,0.8422166377992671,0.005405791666666666,9.0,255.0,123.31082403903221,125.0,51.12486425901695,0.0,254.0,94.65813672064684,98.0,45.27625146464956,0.0,255.0,80.85579509630874,82.0,41.60378089361551,0.595248887949179,221.67780757943453,103.6399255718019,9.80722524373732
0.4516791285161472,0.594288912460719,0.005637125,13.0,255.0,107.0786452905219,100.0,46.657609796391874,0.0,255.0,87.07805890019785,84.0,40.74325162569717,0.0,255.0,66.91383018826086,62.0,34.5460081418233,0.8389474142539107,157.64100169892666,108.40687778751294,9.908485294978536
0.4583924810036609,0.9463899239927138,0.004957097222222222,3.0,255.0,122.71580309937211,116.0,48.4179964854356,0.0,255.0,106.70639739318766,110.0,47.24143031015548,0.0,255.0,74.67520194110016,66.0,44.36681744496139,0.4402787190745617,126.74219461285965,116.100465715703,10.348523747922028
0.1638250106526954,0.8006181731041928,0.004610555555555555,17.0,255.0,137.03512471382095,133.0,49.822886768298844,0.0,255.0,112.88240450656706,110.0,47.878355080781155,0.0,255.0,96.2673334136643,88.0,48.92962373219663,0.43282543440157,143.57065859647088,114.30300540348799,10.338642908355387
0.3839207172611845,0.8416519083800509,0.004169027777777778,7.0,255.0,107.60466402371989,106.0,37.53986118204578,0.0,255.0,88.38151380884166,96.0,38.380932770498966,0.0,255.0,66.02245061132025,63.0,33.28202667328712,0.6329810317762044,125.41006120159633,136.41251822444772,11.126165951772148
0.45901033658454554,0.965085112657984,0.006449958333333334,8.0,255.0,91.70202649887919,88.0,55.17011527835641,0.0,255.0,68.306382254838,61.0,47.40238151167024,0.0,255.0,60.577458510713896,49.0,45.92411695079672,0.6838140237519054,89.71521493650185,126.48275551800492,10.59229714386661
0.4534222370594656,0.6184104285885537,0.0055318611111111115,14.0,235.0,123.94172646336625,119.0,41.51487337052018,3.0,207.0,102.4369310107609,104.0,38.17373529418217,0.0,255.0,102.23224803788156,98.0,47.32705838727441,0.8028706548205622,179.5711692906648,88.94818849707774,9.125047163317547
0.3489107026710064,0.7131733926440971,0.004648861111111111,9.0,255.0,146.0501377278784,162.0,68.3558746737508,0.0,255.0,105.69459067035534,111.0,59.34674147148338,0.0,255.0,103.88138373197737,99.0,66.66810705816727,0.4744967115380945,172.34557451416723,125.73123343869554,10.895183325467485
0.2719496888878155,0.41505850167974323,0.005647541666666667,4.0,255.0,116.22973860307951,119.0,46.52889866557808,0.0,255.0,98.82309165984216,103.0,47.13935954997059,0.0,255.0,81.65197984373732,77.0,45.46144992981915,0.9274483612820877,135.34477638499615,95.65548811480727,9.481432499363478
0.22334881197751455,0.9583789139810158,0.0075454722222222225,0.0,255.0,77.47818228002812,75.0,44.16007182193862,0.0,255.0,51.650268556934435,44.0,34.636225459935915,0.0,255.0,50.29953393683482,38.0,39.653663691262835,0.4117316703709411,91.55038635538565,115.89681513076545,10.032933489488315
0.32982316683081997,0.5495436919004393,0.003900902777777778,4.0,255.0,98.75247182810247,103.0,48.922454044113245,0.0,255.0,88.5353212397415,94.0,48.856163158466686,0.0,255.0,83.11693162195361,88.0,47.63299857926983,0.7727698054133515,166.818648567307,159.58144638256627,12.025926291000122
0.563524042787695,0.9168424502105593,0.005505319444444445,3.0,255.0,102.8907950139133,111.0,66.63838312268494,2.0,255.0,84.7643390357306,87.0,56.60072302984337,0.0,255.0,90.32021807191529,86.0,65.20767643800994,0.7112686274461669,149.3508344153556,127.50811195919465,10.86201485550463
0.2993012614102381,0.7284756354403752,0.0012881666666666666,9.0,255.0,108.33326864191142,109.0,44.56742155315432,0.0,255.0,74.39590072023117,70.0,41.209655058046394,0.0,255.0,60.884612067106566,53.0,40.69960747831409,0.7851910508962654,99.83656027502286,525.8246385649933,21.73476680539674
0.4697769604821183,0.8644860268587721,0.002547208333333333,9.0,255.0,152.5164313873031,170.0,59.82107795315582,4.0,255.0,129.46705271021108,141.0,59.213512657807684,0.0,255.0,111.51491556660615,111.0,61.898663552456824,0.7665525400510103,235.70220716071208,205.07161491624285,13.939864526902905
0.19439928743008078,0.7441840548535965,0.005014513888888889,0.0,255.0,95.42767522054038,93.0,57.14407319656884,0.0,255.0,78.70647980168677,72.0,54.20349314750515,0.0,255.0,68.882743148361,58.0,50.93516495142157,0.7766374460385463,145.36041542712306,151.1562524679899,11.706173434247766
0.4034085791270331,0.9177843215466389,0.005975708333333334,21.0,255.0,138.35230133108348,132.0,49.288390141364246,0.0,255.0,99.087955635199,101.0,44.17524062060634,0.0,255.0,77.3616470385891,69.0,48.55622936881751,0.5537061144390472,102.8227791077584,99.88261944978304,9.54940831161547
0.28565244549655866,0.9473722018580473,0.003787375,8.0,255.0,130.80313615044133,139.0,50.07429689633281,0.0,255.0,110.84205566006946,120.0,49.40002021304206,0.0,255.0,93.56194740567162,95.0,47.63672063629761,0.5051019050972286,36.04057337717852,139.55203318460025,11.409786090078406
0.5378658132212788,0.7780096022807969,0.0032880555555555553,2.0,255.0,91.086939258258,81.0,68.51819481173814,0.0,255.0,76.283416406184,61.0,60.8616971237911,0.0,255.0,74.69413280391991,58.0,58.45082250831513,0.550380254976473,60.25948452217994,286.5674764062515,15.941210688960508
0.35953166316598534,0.7850522946858017,0.002718638888888889,6.0,255.0,84.73465071369456,77.0,55.267635366736165,2.0,255.0,70.85525845245272,63.0,50.385320929257716,0.0,255.0,55.49679680395623,42.0,44.80968301857826,0.5461122725316016,75.42055582518644,357.3497924318038,17.558388319922535
0.4882427866327927,0.8273918830592099,0.0026815,7.0,255.0,79.30026208382539,70.0,51.360768548920966,5.0,255.0,65.87739034951416,51.0,48.33149801074313,0.0,255.0,44.335845401620155,32.0,36.9909169742142,0.5094966277622068,80.77022443601557,358.6696062403433,17.665759770787783
0.26836040449446474,0.5832182886765894,0.00180575,5.0,192.0,71.2880612857077,57.0,48.883767544162055,5.0,188.0,57.11564139246543,37.0,49.54143218502322,0.0,182.0,48.083975571861494,28.0,47.2021851276119,0.8364902514398012,42.20150169805402,578.8325536901021,22.80840321853594
0.5588031634259324,0.9259806437496146,0.0031524444444444443,9.0,255.0,111.74829497391795,118.0,50.74702261561796,7.0,255.0,88.43912572254335,97.0,46.2221421554381,5.0,238.0,63.46918616946285,65.0,35.499562430911034,0.4783186638832782,69.7105428886374,198.28045905550968,13.491947395275677
0.4829820568741487,0.9875964546357379,0.0034827916666666666,11.0,255.0,142.61068906249378,151.0,63.65158273465745,8.0,255.0,117.7299899107118,128.0,62.29946955676609,0.0,255.0,91.59482535162964,88.0,53.26469596878173,0.6522980278617256,62.60105701592661,168.0645736535156,12.529972350939335
0.28016449518006714,0.8092699503871142,0.0038661666666666666,0.0,255.0,111.8440890345016,109.0,46.969946821792504,0.0,255.0,92.72763000962769,91.0,45.53374794646538,0.0,255.0,73.69880085068472,65.0,44.04614954395596,0.6711126156861105,38.997213528299085,157.89277812869514,11.990360457825929
0.25146222688132436,0.8446601941747572,0.005528277777777778,4.0,255.0,92.50466791948467,87.0,50.42578035190769,0.0,255.0,68.2136465043363,65.0,44.58816868058127,0.0,255.0,53.35651800339668,45.0,41.98480314162374,0.5637815961127164,56.121214156804996,170.50331900111914,12.006056865527064
0.5990401928654838,0.9011328527291452,0.004922291666666667,8.0,210.0,85.53909510306006,91.0,38.96820232942939,5.0,191.0,71.15322300757607,72.0,34.167758329071596,0.0,152.0,56.06567909594955,52.0,29.114726840431004,0.3937323489824294,67.82320484222743,115.84958078482698,10.402601371294375
0.30450945085296743,0.4408138780545868,0.0031298333333333334,8.0,255.0,107.5233061753377,101.0,55.845213272471106,5.0,255.0,97.90795125761045,89.0,55.901935027795396,0.0,255.0,77.16804675435327,62.0,52.38133532489914,0.9136942995198339,42.70078696027955,244.54049878690853,14.626513800831303
0.2513574556460703,0.9313053112992989,0.004420875,3.0,255.0,108.23341595900762,102.0,46.36243050363335,0.0,255.0,92.42062751529204,91.0,45.37590450656231,0.0,255.0,76.22728343747939,68.0,42.86427066303747,0.4207402215059754,60.10636899725126,134.83459903746774,11.101654554263927
0.41849871767180913,0.6031764488452556,0.0064637777777777775,11.0,255.0,119.0475448654038,122.0,47.99796880583717,0.0,255.0,85.42250403960533,84.0,44.95245864802464,0.0,255.0,76.48012857977791,79.0,42.7223091356597,0.7786873881560433,58.10662177817417,91.59193491825071,9.164154665239554
0.442215862468865,0.9529006526703171,0.004184777777777778,9.0,255.0,127.00183867456124,127.0,48.30789912343073,0.0,255.0,103.29353742399702,106.0,45.1959315936269,0.0,255.0,88.42585561426334,85.0,45.46596517587922,0.33463257067132407,44.39033919683406,133.67912987934758,11.056467178901537
0.3263412580204043,0.9114084686987906,0.004538472222222222,9.0,235.0,89.05096857116627,79.0,46.040288134023065,6.0,217.0,74.80014689230957,68.0,42.82184800071397,0.0,250.0,47.33235609144046,32.0,42.04209301943399,0.7181139605213075,62.553478850955365,194.546021580743,12.939727940550307
0.3928380527136369,0.9456297119162951,0.006978263888888889,5.0,255.0,98.75696955825131,98.0,45.116924297484225,0.0,243.0,84.42325275906336,84.0,42.30282210002533,0.0,241.0,68.46849841273,60.0,44.163971174400466,0.35453290093141654,48.91270497815064,89.64070001023835,9.03954725036907
0.48374896251928556,0.9699565174047596,0.004038666666666667,3.0,255.0,94.8547272202047,87.0,59.198221012850674,0.0,243.0,82.9542581435017,78.0,52.42729801160636,0.0,255.0,109.70195746671068,97.0,66.94287514806337,0.44501999769958445,52.894201330195564,173.3254616416482,12.610647940269114
0.19308902569835257,0.6566659103480385,0.003182125,6.0,255.0,109.06776568767377,111.0,62.73058274468275,4.0,237.0,89.05055583925835,87.0,54.26655384488815,4.0,255.0,110.66532671651106,101.0,66.23459967379456,0.764018475324264,45.18102081844583,211.09367769830865,13.912167657901094
0.20607630335814706,0.68600219257073,0.005935083333333333,32.0,255.0,181.83911814399312,189.0,38.70784946363298,14.0,255.0,184.90425576725966,192.0,37.773434693499425,17.0,255.0,159.38617355368032,155.0,44.09615550758479,0.6721608950596126,20.440091039888035,60.36962453151651,7.788917692155627
0.3866158710808658,0.7582180933981779,0.006616555555555555,10.0,255.0,122.11744739626191,121.0,54.72590692677946,4.0,250.0,95.00974827453022,88.0,53.278151485722134,4.0,255.0,104.86522653612991,102.0,56.3744061622761,0.618908914867482,59.2957901385427,92.81373924361372,9.190797348274792
0.35522451805855954,0.9572619587969877,0.007312111111111111,5.0,247.0,129.2709602789892,135.0,52.81239303662712,2.0,248.0,108.5601475482077,108.0,50.47306293529595,2.0,255.0,131.83512703429622,134.0,58.2764068959622,0.6539299158006335,43.19554099320612,66.57107643999548,8.004399580392768
0.467808269321776,0.8960848695914926,0.006797333333333333,7.0,245.0,109.41142564077415,110.0,47.05223512411098,0.0,240.0,97.11783828625605,98.0,47.8768050166617,6.0,255.0,105.92190564927422,102.0,51.5217163980035,0.5383191169687714,38.099704951669445,80.4293678939893,8.638870092657083
0.41887347801140923,0.7368952052268563,0.005494166666666666,19.0,255.0,124.50289953991607,118.0,48.61106263466452,0.0,234.0,105.12211436371909,102.0,46.842134271510666,1.0,241.0,105.59176146417919,98.0,46.93231968967758,0.6607577154638361,32.750050161351716,97.06504135888369,9.46669573567884
0.4086726228428421,0.951931112670104,0.003930319444444445,7.0,234.0,111.7410515826039,104.0,55.12696304599232,0.0,240.0,99.25758791164134,91.0,55.87553748110487,0.0,238.0,84.50644384998392,70.0,53.71263131261674,0.8019365891592085,59.75897674419026,171.78425767887214,12.475226924242484
0.22728640392275942,0.813548790364547,0.0044837777777777775,4.0,220.0,71.99095195024037,67.0,40.42840314215665,0.0,191.0,47.837197056053924,38.0,38.23780394746878,0.0,170.0,33.5946963126332,22.0,31.981206024457013,0.576395171218791,55.359009806549835,206.4378638967669,13.5011819947004
0.3862486053902802,0.7298266371851353,0.0028426111111111113,0.0,255.0,92.5645533253855,80.0,54.07594998993741,0.0,255.0,76.86732659722087,67.0,50.86139309163242,0.0,255.0,59.92730177653566,47.0,43.963559584285626,0.731007215692418,37.71418463569076,313.1689212039472,16.420107636683035
0.3936893322389707,0.7337233367338828,0.002622111111111111,0.0,255.0,94.59632293741261,83.0,54.8550832070038,0.0,255.0,79.68334463324717,69.0,52.26630391162066,0.0,255.0,62.76728886817238,49.0,45.39312148954312,0.7839642855280196,41.30593416151194,330.43397006755754,16.92272278692124
0.44614030550729983,0.8199067084661141,0.003467888888888889,3.0,255.0,74.82939508506617,68.0,49.49227729865104,1.0,255.0,60.47057527794688,54.0,43.824063296595405,0.0,255.0,52.16240668354106,39.0,43.68838297700684,0.370480228887338,49.234577187558614,302.84486324031457,15.947508033143274
0.6234176652132032,0.944152701260937,0.003823833333333333,3.0,255.0,84.08003167269611,74.0,57.53349456179204,0.0,255.0,68.2764568713769,60.0,51.72035802733615,0.0,255.0,62.41357930523471,43.0,54.71550666708135,0.41454440708721035,59.19187036121913,279.6974409457517,15.48269506195177
0.37605646908777,0.9325383615555682,0.002654277777777778,6.0,255.0,107.65947527052766,104.0,54.976860601758226,6.0,255.0,85.07537099441154,78.0,51.04521187023133,0.0,255.0,68.8714130230027,57.0,46.31843397196173,0.5551478672381289,55.53967391791331,266.86176024370013,15.516142226792256
0.522830804642021,0.7379563731652221,0.005665611111111111,4.0,211.0,75.80724840901736,70.0,49.46692969852889,3.0,193.0,52.755802551455666,47.0,34.12138298515471,3.0,240.0,69.63907247428442,58.0,46.39927561159466,0.7452148693297909,66.46959569438435,145.28436414747628,11.354317745645428
0.4064475785063346,0.8097869185447385,0.006685222222222223,3.0,193.0,59.279563548124386,49.0,40.58539766329272,0.0,182.0,40.55360081107584,33.0,31.240164343728782,0.0,208.0,49.02916673591836,42.0,32.399089909933345,0.6156467543030514,76.71942815241022,143.62343888788976,11.113538000052703
0.2323415425673253,0.5044500656436298,0.004394944444444444,0.0,255.0,73.0190085830942,46.0,65.25463976448916,0.0,255.0,57.99138530382131,33.0,58.797617514820814,0.0,255.0,59.9767662339304,41.0,54.731540009823576,0.9156622497246606,34.111630899223734,298.2741873424732,16.12613864988212
0.45226978244209565,0.7880457523379308,0.008773763888888888,1.0,187.0,67.26637180609488,69.0,44.36690110706192,0.0,185.0,50.05479720948345,41.0,35.280339311813314,0.0,196.0,55.20016431564434,49.0,35.774188773526234,0.6283302112451443,62.761248008505376,83.6258390503529,8.782283132118579
0.39243600583614063,0.7603952973716022,0.008137611111111111,2.0,202.0,59.47885162858333,51.0,41.52924318853662,0.0,177.0,39.97087426694976,31.0,31.198525113432456,0.0,225.0,52.611186397864515,43.0,38.92540580006507,0.6894283294460467,66.9681123007351,116.77611561945197,10.131718548722619
0.2555569293465969,0.6668775532938958,0.008218888888888888,0.0,255.0,91.45933148573747,93.0,66.04640040410699,0.0,255.0,72.9335169663377,66.0,58.18152926965298,0.0,255.0,70.81611802081925,57.0,59.954408305061946,0.6890992378319251,84.29145273223602,107.73138280906612,9.841247365455086
0.36624971691117375,0.5560107741914831,0.0058367777777777775,0.0,255.0,110.33575888522968,99.0,59.10087198833934,0.0,255.0,89.91863375911366,85.0,54.383227652754954,0.0,255.0,88.1391178542194,74.0,55.414982527553725,0.8040592216046523,71.30729267470207,127.65439869707296,10.618232763704633
0.5726162260091106,0.7799377209098651,0.005382166666666667,5.0,255.0,109.28607334922945,104.0,59.923689298199605,4.0,255.0,92.61858091020758,88.0,54.366568721531756,4.0,255.0,84.73291683440168,74.0,52.80507302480723,0.5852714054420306,49.00287079137394,130.2520919485826,10.804573051632506
0.23954190183087157,0.6806373964371867,0.005909666666666666,0.0,232.0,63.17977607310057,52.0,46.06679906450284,1.0,253.0,61.18455167616147,56.0,41.134045869262714,0.0,255.0,54.62972154849869,48.0,44.47146614823877,0.7494272600633061,46.59690540321646,149.01788718579326,11.447711832388784
0.1277174109740446,0.5630585898709036,0.005088722222222222,0.0,255.0,50.69719805233796,40.0,37.87117693518929,0.0,255.0,48.74256525868751,41.0,34.63127780344889,0.0,255.0,44.75581896787013,39.0,37.399605135251626,0.8845223427100165,44.04774707043722,216.61388737262993,13.414946118184496
0.33342429088705866,0.5329124822428983,0.0022915555555555554,6.0,255.0,99.34523492048099,93.0,50.06103383541019,4.0,255.0,73.5363047905353,66.0,45.85563568344358,0.0,255.0,54.45639182505818,44.0,42.749782532881866,0.8728631307473066,43.2960198749641,351.48263838675877,17.601074132611433
0.5247882224387717,0.30956349195717153,0.0024575,7.0,255.0,128.65015824573302,137.0,60.846879786319434,0.0,255.0,115.84637730304058,123.0,63.483965013848746,0.0,255.0,74.54777325647112,70.0,48.48574799265993,0.9374555737007474,56.77484325147015,258.5535252246207,15.469617821286398
0.42235113210834263,0.8979031180182171,0.006103388888888889,5.0,255.0,135.72293625581418,142.0,56.91482763043282,0.0,255.0,118.43931877554364,125.0,61.89142409699763,0.0,255.0,91.79726654590802,87.0,60.60547157580654,0.5977363480585973,52.48754995634648,96.24845636245668,9.455824813189118
0.4862502124251811,0.9090791868361587,0.005655111111111111,6.0,255.0,128.26827255580005,130.0,47.53618934992456,3.0,255.0,108.82296005580007,108.0,53.56727055160387,1.0,255.0,76.27223406554542,69.0,45.67928054050975,0.7083250942309899,43.25262962265127,103.52791028262881,9.771835818608997
0.24544152409072137,0.553048345425141,0.0015870833333333334,12.0,255.0,105.55332108164873,90.0,59.65607774506151,6.0,255.0,81.65403868031855,67.0,54.494725307105824,2.0,255.0,78.60267786820688,65.0,53.323136286219366,0.8947125942188918,61.67693701839757,507.8214568013625,21.18875691637423
0.3833781947900939,0.46780897947549493,0.004459333333333333,5.0,255.0,110.83375068520456,111.0,61.554675023247064,0.0,255.0,90.53487068321124,96.0,58.38615622612765,0.0,255.0,64.45392933672198,60.0,49.203196265409794,0.8697180892719815,34.042395050836404,166.13725250829737,12.270078372374533
0.599694159252926,0.8279981073017646,0.0023744583333333335,0.0,255.0,84.87350331362124,74.0,56.43332910992632,0.0,255.0,68.95140997069507,57.0,53.60675619955159,0.0,255.0,67.02446756862676,52.0,53.4191565666186,0.6893154569751152,64.57314547407609,421.6402647753976,19.025229830947627
0.45070623869621695,0.9322789803668677,0.006462277777777778,0.0,255.0,84.15991308534143,72.0,60.52150962836234,1.0,255.0,73.16555909938876,55.0,57.559225680650094,0.0,255.0,44.343848058390144,30.0,40.83407674502841,0.5744038016515647,98.50173706061538,148.90724608474954,11.577498563975142
0.49599484183614506,0.4581294773671222,0.004263444444444445,4.0,255.0,85.31110408902556,86.0,60.530344353891365,3.0,255.0,65.12718263792969,59.0,48.82967500486502,0.0,255.0,44.00724179719059,26.0,44.88349078717169,0.8771811653159902,89.23473751045874,218.38853873071318,14.026286983080343
0.43830488710862714,0.41760943776586446,0.004235666666666667,2.0,255.0,76.4423939560872,70.0,57.97136115149376,0.0,255.0,59.143382256499045,46.0,49.17503235619132,0.0,255.0,43.44553854830671,21.0,48.38407487797402,0.886160869867615,73.40563450986215,237.12465050921193,14.62166730161566
0.4297840399193585,0.48219942462311377,0.005212055555555556,3.0,255.0,88.10591630514726,87.0,60.11675446258074,2.0,255.0,68.73323331592356,58.0,52.76957913598319,0.0,255.0,48.52152594945479,25.0,49.50401447955212,0.9250459843850818,88.15816221230128,168.9634296613724,12.4194350638136
0.8217720877194625,0.5438760877449055,0.013414777777777777,0.0,255.0,112.94482970687385,116.0,56.71495982213772,0.0,255.0,96.30270307206811,96.0,53.95494139550035,0.0,243.0,75.13899782992223,65.0,50.73854161327515,0.9012379921011017,168.69677945208426,43.40085719553607,6.447170512911561
0.3860546741135863,0.7931593428583402,0.06248594444444444,1.0,255.0,93.76569486293361,66.0,78.5587675342281,0.0,242.0,83.5069122211484,54.0,72.62943819410299,0.0,234.0,61.49863658227139,40.0,53.19102758397679,0.8748605139282498,33.036738324827354,9.988009376012876,3.273427776617207
0.19436030545063812,0.6179938547383639,0.005273955240159001,3.0,255.0,100.18287096586808,95.0,69.51829678158431,1.0,243.0,84.79046579753201,69.0,65.67095152522523,0.0,255.0,82.13378505099458,66.0,66.8795716506481,0.7906738468949993,27.887061955899913,136.01206890572345,11.369137548086183
0.30933207934712836,0.7925184513534747,0.01761211111111111,4.0,233.0,77.69553858140547,75.0,52.77881863652352,0.0,174.0,22.564004252124484,13.0,25.33270898989938,0.0,159.0,22.72829697367342,13.0,25.43445812575944,0.4659557132373218,64.22303773885568,77.4610234401727,8.38583620629725
0.19327266732493426,0.6370612206189764,0.0084655,2.0,255.0,91.79119826222774,86.0,66.16599037677628,1.0,255.0,73.792719141089,61.0,58.68186080433406,0.0,255.0,61.99315850609336,45.0,55.982204886129935,0.8484695379047517,44.3226515013768,109.77342086168332,9.938743035201067
0.12353654878719487,0.5224742523173281,0.008479444444444444,0.0,255.0,67.63741073183516,44.0,64.11920735358866,0.0,255.0,52.78134868636572,27.0,59.016757562236094,0.0,255.0,37.9847687217454,18.0,54.78764322695573,0.8696207184356508,25.81248760245649,202.987781061271,13.34138127263969
0.2624059114616754,0.9900737702402014,0.0144315,5.0,249.0,90.54806037718417,88.0,57.640511447935644,0.0,210.0,39.04691608248931,31.0,34.50137443299979,0.0,176.0,39.15233555455466,25.0,36.03608649438299,0.5226180559348039,35.025343747907314,74.94843903802202,8.133924807015083
0.3451447086401154,0.9175162109416977,0.006612722222222222,0.0,200.0,81.51463298859942,91.0,54.26400797878663,0.0,184.0,70.09355283166288,69.0,51.06557496605097,0.0,193.0,65.46795738853557,51.0,50.652295073106345,0.5723881579151424,35.137856947297685,98.831321666435,9.766361344118753
0.1711409172056156,0.9820059273730166,0.006687444444444445,1.0,255.0,80.82566002625151,74.0,49.31576755104204,1.0,255.0,58.663571452306975,49.0,42.21140978786704,0.0,255.0,56.64544046056457,44.0,44.39314598093242,0.626431812898096,50.248489085112965,137.3011710096038,10.885926810727597
0.15891980179755263,0.565078772909978,0.013151069444444444,3.0,255.0,89.49886521691835,80.0,64.29637434497855,0.0,255.0,71.18494482387892,55.0,57.53415369182665,0.0,255.0,55.74810139014888,41.0,50.37191751803738,0.8572084509334376,27.463631440894726,67.72473130638683,7.860641082738447
0.35201817721887,0.9181202316439604,0.011347819444444445,2.0,230.0,81.07812440716094,84.0,53.409432462213466,2.0,215.0,68.28725171135423,66.0,48.60529955659538,0.0,255.0,71.70153223269767,62.0,57.07525173074296,0.5843026629616028,42.11665090134629,63.42188917244623,7.689458536478443
0.24065928722469163,0.8172874921962638,0.012931888888888889,1.0,236.0,75.54917430640879,68.0,51.240017745944904,0.0,218.0,56.114034428243706,45.0,44.06745153207635,0.0,255.0,42.42026171307792,30.0,40.30506630148734,0.6977392796976678,22.750451953506733,80.4351745545354,8.36340108845777
0.34107808519717536,0.8725527405345409,0.013447833333333332,3.0,255.0,96.504565997827,92.0,61.53062994815627,0.0,255.0,83.50684331635414,68.0,61.6946069417265,0.0,255.0,44.77779877799398,37.0,38.59714770491172,0.754772651974373,59.93413531996177,65.09123776834876,7.703315207650022
0.44256354887913335,0.7725426482534524,0.00963561111111111,0.0,255.0,71.71341695446867,55.0,62.06717409062754,0.0,255.0,54.98213657670332,38.0,50.52922798857918,0.0,255.0,31.641768670614216,21.0,31.17620335523289,0.8694924819432427,29.971808552800304,157.2833727692184,11.514314667918121
0.3291341167342329,0.9309140140134954,0.012171166666666667,2.0,255.0,105.84271684901931,107.0,64.73697664056229,2.0,255.0,87.9574906084964,90.0,56.502852667666865,0.0,255.0,64.019556693643,53.0,50.846824559479096,0.7785007753741521,28.811710227287627,59.66304669296359,7.429876110009839
0.12818230169735048,0.6097637200121846,0.012882,3.0,255.0,100.59977207645466,93.0,71.1289928934385,0.0,255.0,81.1874935310252,66.0,66.11335605476242,0.0,255.0,70.2089996377374,49.0,65.63988891007811,0.8490991118504082,25.671650052797624,65.66534193364544,7.783933092837882
0.45510931570185337,0.7998331943286072,0.008807055555555556,0.0,174.0,53.36859809370013,29.0,50.0597273037601,0.0,170.0,49.71052722880014,21.0,51.0711290980852,0.0,196.0,40.645426331161254,14.0,45.36482638558493,0.7651724010572547,62.43014372415117,114.54821998855824,10.42317819756229
0.23419239391654148,0.6360769049807019,0.0121205,0.0,255.0,60.03841173585615,53.0,44.533548857686455,0.0,255.0,44.70160288583621,31.0,37.34834650680289,0.0,255.0,34.32901787146662,21.0,32.72125957511559,0.7684677670809532,29.619226030009724,81.24228635477256,8.474253091087459
0.20115180890949572,0.9603535706040652,0.00844688888888889,1.0,255.0,57.150882310383835,35.0,51.68615609291158,1.0,255.0,48.67015962484544,27.0,46.36411961900147,0.0,255.0,43.055350753729186,22.0,44.3313830106659,0.6040617358653694,38.92400177980265,128.66990220536601,10.811856129378182
0.2671998895756471,0.7543906155817381,0.0085715,0.0,255.0,79.70279900445274,75.0,58.749182583365155,0.0,255.0,64.67220342608256,53.0,52.89373196272036,0.0,255.0,56.632629450310134,40.0,51.07557512996772,0.7056559748746194,41.721504852826506,104.28680828339009,9.646502122744149
0.22610279994238722,0.7359358785151086,0.008884722222222223,0.0,255.0,68.93065812099421,52.0,60.17033040059961,0.0,255.0,56.02605127403471,38.0,52.410673627679216,0.0,255.0,50.024087853681415,30.0,52.49578259827528,0.7900666033300173,39.135642831650415,139.0457303061506,10.969370667789573
0.3457860600664151,0.8579038102846333,0.00940838888888889,0.0,255.0,81.31879203547662,83.0,59.19534254199195,1.0,255.0,66.790238912082,59.0,52.096450959956506,0.0,255.0,58.255952134915056,45.0,50.06910933359936,0.7219470706784438,33.860698141545825,82.82859623931346,8.749521599010261
0.3746645854560513,0.8195326327080484,0.008309055555555556,2.0,250.0,76.42868389909269,57.0,62.1324429509921,1.0,240.0,70.00845463115877,44.0,62.867982007312726,0.0,249.0,60.49168744943602,40.0,56.42238608004767,0.806542075397353,45.35016767438285,113.25618274381723,10.233648231235092
0.08695597335412354,0.6701195286768377,0.007903611111111111,3.0,255.0,80.15438618071909,66.0,61.540598009130775,0.0,255.0,61.102969809861875,42.0,57.11019665722768,0.0,255.0,53.9687800934875,31.0,57.55921620406462,0.7950503968592801,21.273951458071238,155.08739102706718,11.64658358487365
0.14510844663644296,0.9893688919176331,0.010519833333333334,0.0,255.0,68.10974772519633,65.0,45.03107665558895,0.0,255.0,51.90527416467308,48.0,37.106123036398074,0.0,255.0,40.52337119831852,36.0,30.689199803655633,0.550504307050887,43.91985364189851,103.2405133657054,9.184901110034842
0.2327549046798159,0.8964401294498382,0.007213,6.0,255.0,108.29329181878398,110.0,59.5003464282658,0.0,255.0,83.63727914105704,83.0,52.28753962568955,0.0,255.0,64.08316581172882,59.0,39.567561792791636,0.4537804102849603,33.404804683314595,100.59816946960338,9.523345774741445
0.16786524850641174,0.7135785618796932,0.005102166666666666,1.0,255.0,71.41703143544682,70.0,45.57685407761529,0.0,255.0,54.89458726684742,47.0,39.86674625630141,0.0,255.0,52.619431831792596,41.0,43.66181756538147,0.6748174787911448,27.398364407258466,177.28494868615056,12.406232015811977
0.3275074419959194,0.9489804286761476,0.010884111111111112,3.0,220.0,81.87478562022112,81.0,50.8619217508915,0.0,209.0,65.76231407658463,56.0,48.81480175090487,0.0,255.0,46.88620644772706,43.0,35.73931051978518,0.39611682917541113,66.69389022812116,69.09227631144452,8.009928757794011
0.18860272955934967,0.944916153495929,0.0072319444444444445,3.0,245.0,73.25352794315344,74.0,45.71015222736701,2.0,227.0,64.12952755905512,68.0,40.83821445613174,0.0,233.0,37.627783752640674,32.0,29.538940672285644,0.5303840412434605,37.142967915828926,119.89863889483556,10.246638572977572
0.21745740421567103,0.796182235782607,0.007229444444444445,2.0,255.0,76.99542957042956,68.0,55.974491364225216,1.0,255.0,64.80999577345732,49.0,52.97788769433801,0.0,255.0,57.728217935910244,40.0,51.09289777810475,0.7397633077161495,38.53561969507628,132.99441873391095,10.906852637691442
0.24695351879241328,0.9198465952997077,0.014786388888888889,0.0,255.0,73.91542804005185,63.0,59.90428842940012,0.0,255.0,57.91564783678683,47.0,51.99952187417639,0.0,255.0,57.842309932182374,45.0,54.86500518137295,0.6262622006677134,22.42780194882425,73.50404317976557,8.004635108345243
0.17721258866420486,0.681027628871622,0.00959911111111111,0.0,255.0,56.54241422816928,28.0,58.17161216692459,0.0,255.0,46.62733239188814,17.0,53.533163470563885,0.0,255.0,40.955591952958606,15.0,50.84805030270703,0.7199886402217662,25.83464245824478,150.1184516668071,11.430957269429923
0.25761842902136534,0.6785739531725311,0.0061771111111111115,1.0,255.0,59.9264219160341,40.0,50.24056610247846,0.0,255.0,48.01742094470627,29.0,43.60346811548293,0.0,255.0,41.47479719034428,23.0,41.18359986525607,0.802402445856241,45.52084881653713,196.58283547303887,12.966109893312078
0.2566380943985367,0.6803863933430013,0.004859555555555555,0.0,255.0,48.25757385220413,27.0,46.34631385495757,0.0,255.0,35.063826138650086,19.0,35.56704647731119,0.0,255.0,28.610703996707517,15.0,36.44290499427943,0.782050494802433,22.399585235208644,420.65622021423985,18.340657615666984
0.11625379117075249,0.6095042273798988,0.009662555555555556,0.0,255.0,44.072200246081664,29.0,41.98977782090206,0.0,255.0,34.127051159688605,18.0,36.92559199896569,0.0,255.0,23.378694099789566,14.0,29.635938111769455,0.8123390795325768,27.862767330116284,210.04814846122468,12.88136510870559
0.14200403325473057,0.799233267280617,0.011811722222222222,0.0,255.0,79.33237697014737,75.0,55.04209463970868,0.0,255.0,63.969751094722284,57.0,49.201628088260875,0.0,255.0,44.20790551758846,35.0,37.77769459133865,0.5898027557806891,30.0278180546361,82.97399308259229,8.476493587472063
0.3148430082599081,0.8876174991636221,0.012476666666666667,0.0,255.0,51.75502493543503,30.0,49.95506311023077,0.0,244.0,43.7435379374833,19.0,45.50664513098349,0.0,255.0,43.748067503784846,19.0,46.82232637512015,0.7037148563761916,34.52005483466556,77.84241756443015,8.559146661523632
0.33481974990432073,0.8049271675411069,0.005174,6.0,255.0,98.86679658978655,95.0,59.26082927106367,4.0,255.0,85.03650732293949,76.0,59.95046411253332,0.0,255.0,76.41388029893055,62.0,58.26662468343941,0.49409630697632606,48.17781811931993,149.85498268509994,11.65172399386606
0.40966012211503705,0.8920037623857388,0.009466416666666666,4.0,255.0,92.23340405116332,73.0,69.91322839791547,0.0,255.0,68.99127617806808,52.0,54.7893073594909,0.0,255.0,50.79877989735645,40.0,42.85760249758821,0.5100517468399822,130.74075495955324,111.35930518035087,9.896112975772715
0.3816411722105974,0.7945892684728506,0.006136041666666666,1.0,255.0,52.270211297094804,42.0,40.983325918618725,0.0,255.0,40.38513111284646,30.0,33.45577913416639,0.0,255.0,38.695331545173666,25.0,37.68652622821997,0.7289936073238237,80.16707629303463,220.04330932717755,13.290927315703458
0.2530306528800412,0.5743816312309943,0.009332138888888888,0.0,255.0,87.00304354426311,78.0,57.7528112343432,0.0,255.0,65.4185342171766,54.0,49.478657782709135,0.0,255.0,54.473392428197656,38.0,47.934181899012266,0.5769778843655229,99.67080181672974,100.67722188612656,9.428790062043857
0.2965902265357148,0.6339194275415118,0.010092847222222222,2.0,255.0,113.03848297405341,115.0,76.30950597213996,0.0,255.0,90.63322760205591,78.0,71.5069728493997,0.0,255.0,83.88359055161452,62.0,74.75047334665565,0.6797926848553496,69.65952365766877,76.65557381134997,8.468454277977733
0.27562904084258233,0.889703735099161,0.010888458333333333,0.0,255.0,71.91616760356595,73.0,51.90004559423446,0.0,255.0,66.44960578798397,69.0,49.85372507359788,0.0,255.0,54.14371359071596,47.0,49.19190933849045,0.5611447563810598,70.8169045884826,92.38949550078148,8.87040406022311
0.2576384833816396,0.6886305479596794,0.012962444444444445,0.0,255.0,65.18036185733143,52.0,54.545315102481986,0.0,255.0,54.278397207316864,45.0,47.57971147193842,0.0,255.0,38.32886244021189,23.0,47.56646883355979,0.5949988455783863,75.82079194855017,108.22210253873787,9.676107703953981
0.2626716769245796,0.5651630725946046,0.01362,0.0,255.0,78.72599628813836,58.0,67.6613265719308,0.0,255.0,60.94383259911894,37.0,59.08584369517683,0.0,255.0,54.36382974384076,27.0,61.00277517901072,0.8655335788915992,51.10264647077276,82.1098671562202,8.617420454796108
0.17614941584101165,0.8241600053958096,0.010723444444444445,0.0,255.0,87.26003512552973,87.0,52.73402151694145,0.0,255.0,73.98492140792241,71.0,50.6352822789704,0.0,255.0,56.55249142584783,50.0,42.21195395713009,0.5896578251436847,54.90328568845634,75.8226132321308,8.192697918285722
0.22126090860729633,0.8461278722285002,0.014144833333333334,0.0,255.0,56.29359660182163,39.0,53.21251498780542,0.0,255.0,46.398613353128546,22.0,48.52805321915522,0.0,255.0,45.94294932975134,18.0,52.05226349818927,0.5662246680765288,76.6933282375868,81.03385966573727,8.54773666675272
0.38356177869203223,0.8899860924917873,0.010092083333333333,1.0,255.0,86.14403341453009,91.0,50.5986959476959,0.0,255.0,66.32196853969695,63.0,45.54244577802673,0.0,255.0,53.57585291000922,51.0,38.584284474407696,0.5252807500473041,68.85234596172741,66.21376027120834,7.902056718780371
0.41184904475663286,0.8844432023261021,0.00672625,3.0,255.0,75.02804724441967,61.0,56.05831992748551,0.0,255.0,56.8750831113589,42.0,45.47369334330291,0.0,255.0,49.09832744842966,31.0,46.40285332390269,0.4996216087192112,77.96390111882202,166.88119876661602,11.999000997317337
0.26090148831868576,0.896326365911809,0.01101375,0.0,255.0,65.0551368869721,30.0,69.45838866925253,0.0,255.0,55.87843352375187,19.0,65.70744534650939,0.0,255.0,53.47284833352249,15.0,65.23681776870235,0.3987569132413922,54.7431624090987,120.32402619568289,10.443791269536225
0.24460916705963737,0.9430742709467377,0.010277625,1.0,255.0,60.98309569466573,49.0,52.011325306487876,0.0,255.0,48.52503212885597,31.0,46.832681501045364,0.0,255.0,48.807368758184246,26.0,49.963818646861,0.5875208101759597,65.85673833539315,117.07617987743117,10.040389696730886
0.2658764041500878,0.8283862842099373,0.012986833333333333,0.0,255.0,89.0940931627332,82.0,59.65986678427415,0.0,255.0,81.92179579317514,69.0,59.89724280097149,0.0,255.0,69.24952195172033,51.0,59.833826106570584,0.6561388945867508,83.02217116503894,62.98539898414839,7.5742268942185715
0.3204509754554144,0.6951771644631741,0.012927652777777777,0.0,255.0,68.19101925136792,43.0,64.7318968852305,0.0,255.0,55.559673439042705,28.0,58.852926592492814,0.0,255.0,52.63940669817392,23.0,59.83631576351764,0.7851067234012371,53.7729243277055,100.98180178936701,9.461939454160525
0.2635632897607112,0.6054428633756861,0.006676,1.0,255.0,99.67920744291325,99.0,70.1937183329122,0.0,255.0,84.23375607482858,79.0,65.87671119161732,0.0,255.0,71.149415817855,47.0,65.60661649898657,0.8177397255699503,81.28382180831434,124.38735032578539,10.69759552122853
0.19678306825751743,0.7265064609383657,0.011893125,1.0,255.0,59.077856604831226,47.0,48.69757788791372,0.0,255.0,44.63228288985817,30.0,43.03443691857957,0.0,255.0,44.946043757773225,28.0,45.08026509670401,0.7332031806835176,26.125062530154004,120.16084684282127,9.997703876345192
0.23671449111658097,0.7940669954810665,0.0072745,0.0,255.0,90.27595634675158,87.0,61.336100505856734,0.0,255.0,71.03159247294583,61.0,55.51860507044867,0.0,255.0,60.07267586164761,47.0,49.930682596711996,0.49104216631115233,52.613091877325665,119.59606390356447,10.344100841406151
0.3417846296799498,0.892474934017691,0.009774875,0.0,255.0,54.91833939337104,41.0,48.733836438202,0.0,255.0,40.49250842934905,24.0,41.52001782809837,0.0,255.0,31.129966140516146,18.0,37.488531383285604,0.7867815859040407,40.980631791239055,165.6290163643245,11.714622770418835
0.3540461892291771,0.6703385073664702,0.008091125,7.0,255.0,105.6927600714775,92.0,51.09277092240722,4.0,226.0,93.3037930791797,86.0,44.67399119695223,0.0,255.0,81.02708729214623,66.0,54.12170316462339,0.7784269226799508,51.14032952395127,80.93029745901657,8.544837766315801
0.20998948381897958,0.8141485856822432,0.007261291666666667,16.0,246.0,135.48870628695155,140.0,45.13782409308563,10.0,231.0,118.74709504163056,120.0,39.98686519375131,6.0,255.0,98.21545370906998,98.0,44.70080842469449,0.6175088235122725,42.44397806926389,63.321334546489396,7.790317109252505
0.2706981762565452,0.8062894171951291,0.0068132777777777775,6.0,255.0,125.0576447948858,122.0,62.46531065337373,1.0,254.0,113.74754564208776,114.0,52.065011650688895,0.0,255.0,91.9434458043526,90.0,51.161199775456026,0.48721627388208927,80.03500881251514,83.72153641612222,8.846620498432419
0.32776828687138015,0.8130894052049265,0.006195833333333334,15.0,255.0,121.80815960546963,115.0,45.28569208774478,0.0,222.0,98.07513337816633,95.0,38.088761432847555,0.0,255.0,95.05364716431293,91.0,46.5350095654531,0.693417345394693,61.150589329213965,83.58229536535463,8.825753839791078
0.2258312006019848,0.8653808156713433,0.002846041666666667,3.0,255.0,129.0591220750067,123.0,62.12159286752092,0.0,255.0,93.23357001683625,96.0,48.1089226899501,0.0,255.0,85.38861479149891,66.0,59.44869963125927,0.6665862472341887,37.017738389388256,239.84158253575941,14.731003988064527
0.17396082684907005,0.7134754969926915,0.002912875,3.0,255.0,125.79537207894072,114.0,56.07177084771919,0.0,255.0,87.34779022252738,81.0,44.54964368136657,0.0,255.0,74.378048606045,52.0,58.366472632186245,0.6687373458185573,47.09489791866867,249.48381180554847,14.949091546814325
0.1940920938314509,0.6855802155580321,0.0026484305555555553,1.0,255.0,117.02969263767325,109.0,52.96437760680241,0.0,255.0,83.19431319387269,77.0,45.233772456220244,0.0,255.0,66.36265188502625,50.0,51.828628874018676,0.6209302729998037,28.68490755500498,275.4109848773534,15.708195556553962
0.24226743705837084,0.8454417756599041,0.009026083333333334,7.0,255.0,116.16701904049683,105.0,57.26391698462471,0.0,234.0,96.80323537648604,95.0,49.90774445280126,0.0,247.0,63.80490645936622,55.0,42.55297867015071,0.4995290380906482,38.44543064463777,77.32255465568403,8.348135077528704
0.3203304941372294,0.6017359053993518,0.007190763888888889,13.0,255.0,157.32564342762223,153.0,59.17782165625949,5.0,255.0,117.25934889470481,112.0,50.143992189019436,0.0,255.0,97.42684964315721,84.0,60.65698853925936,0.8107417126147313,28.996760518951728,79.8815935071345,8.601045489837368
0.18308334290678296,0.7694323144104803,0.009602958333333333,5.0,255.0,115.87385542360354,117.0,50.11706451468267,0.0,194.0,65.67562657919362,60.0,40.359122872638395,0.0,194.0,42.76275395458286,33.0,29.99371559975711,0.6869145327680227,25.17081081066718,81.95653337514858,8.569808298946446
0.32183817326076003,0.9813688202049343,0.005079222222222222,12.0,255.0,137.95081814801043,128.0,55.827605178291066,6.0,255.0,119.98275654627787,120.0,51.80945675873337,5.0,255.0,99.60025594469845,83.0,54.23664419298306,0.6626353789849978,53.42874035184857,110.64019699991712,10.100144937633692
0.28173516202213084,0.7283024978001152,0.005561416666666667,0.0,255.0,94.96780146944973,90.0,48.1940332225526,3.0,254.0,75.7620810045402,69.0,46.18582690655675,0.0,255.0,81.74230436889081,69.0,62.425271889919486,0.6435531542812705,73.5868123803409,137.31276421847744,11.015574752638724
0.21313271949194862,0.7265760949574748,0.004726277777777778,4.0,255.0,109.49046994933762,96.0,60.99285567103733,0.0,255.0,79.07836505119133,64.0,54.54797199860022,0.0,255.0,73.02051767305726,52.0,59.051245796830145,0.7458950323578085,28.646325102883935,169.28522496166272,12.367744718919157
0.3103165012251629,0.8374243597097225,0.009772666666666667,13.0,255.0,120.14220075266617,120.0,55.85280406157719,0.0,255.0,91.61228312527003,90.0,49.7397340953076,0.0,255.0,83.14025086977284,75.0,49.089152147852374,0.7131263252254862,46.15869402426686,64.570850898487,7.683641245212295
0.5799630650368063,0.6722108441300645,0.011103625,1.0,255.0,136.1415053392223,142.0,57.019933310864744,0.0,255.0,109.03438441650061,113.0,51.974692658105575,0.0,255.0,94.96329026681727,92.0,49.82639663955833,0.7734456648987281,57.80150929703144,46.626690605015746,6.663603149473557
0.35438435911950983,0.6612549773758402,0.002632208333333333,13.0,255.0,167.42652187907282,195.0,69.89839813034867,2.0,255.0,162.11003646072425,182.0,73.43644799634636,9.0,255.0,165.43121797814467,198.0,76.83178541206327,0.8859213595515766,42.0439444702768,174.97207763481657,13.079189259157257
0.33139187522018654,0.6215244780800616,0.005144597222222222,3.0,205.0,81.81652542716064,81.0,47.470651777928104,3.0,182.0,68.39214008223298,62.0,43.55084321842397,0.0,157.0,56.903931038765045,45.0,38.911623267216505,0.7789193079092408,35.207121077985654,131.26991322042855,11.074990154058288
0.25701627795362725,0.7332616010060513,0.012597833333333334,10.0,255.0,112.33835624291655,122.0,57.54470080541385,0.0,251.0,75.77749370482579,77.0,45.01587062110937,0.0,255.0,106.80697077539789,111.0,64.22517434546106,0.5729791074504599,47.35166031400424,46.60251405205842,6.667164463095573
0.6417192454846776,0.9350230099605422,0.006037986111111111,2.0,212.0,80.91530242561561,76.0,43.57238007136881,0.0,191.0,57.68157383233464,51.0,35.75229129946784,0.0,230.0,69.70689730525493,54.0,49.25120057278173,0.7604686531820459,58.79382455321906,119.36583642899124,10.438806825683972
0.41875871664656644,0.836535321793914,0.007371402777777778,5.0,219.0,79.10338375968693,81.0,39.786079310124755,0.0,187.0,57.24752562926173,53.0,33.867461853705805,0.0,236.0,71.9263915921325,66.0,47.75050136155921,0.7423021871013076,66.20697787185831,88.81420562332323,9.047234122132302
0.33186370382714697,0.7329872387574156,0.010887708333333333,7.0,255.0,104.82075735251908,110.0,59.933836957351375,0.0,255.0,73.11576510208377,69.0,48.01898502188899,5.0,255.0,104.91734690623346,98.0,63.65273840741634,0.5964633657300993,44.331382296545634,59.229720067803726,7.4630434139506905
0.2933830311179764,0.9578663778737779,0.007025541666666667,13.0,245.0,120.70241914917592,123.0,46.47936707293691,0.0,219.0,66.45348816520672,63.0,32.47926382437013,10.0,255.0,102.70735747935608,91.0,57.81061897308479,0.6662209854157092,53.18666324873811,87.04637789844182,8.963196079580948
0.41632443933830793,0.8310456772572526,0.005877305555555556,6.0,251.0,135.89034090640553,145.0,49.02036220085827,0.0,223.0,84.14284465198055,84.0,37.1852329472749,5.0,255.0,120.01239702622611,118.0,53.05593823438142,0.7246523969628366,43.603934812237675,87.6626805648486,9.098878662932675
0.16248198360155278,0.827313913093154,0.008849666666666667,12.0,241.0,123.72864326339975,126.0,41.20300283381994,7.0,205.0,84.93827137243085,83.0,31.521181564224765,10.0,255.0,101.21027314274235,99.0,43.768309492219586,0.6438019545990885,43.30739081476053,54.6288057241238,7.197745129371133
0.3283252085836843,0.7374767589685881,0.011386208333333333,8.0,237.0,101.310741430605,106.0,47.74763313864315,0.0,222.0,86.93840989403604,91.0,43.819377142525816,5.0,255.0,100.82972943631854,95.0,47.83987120650079,0.5168948965340336,60.033749616380184,45.94279985252447,6.604904216234918
0.2717879546610957,0.7504212420510876,0.004134458333333334,8.0,255.0,125.36768218327673,119.0,44.10206995251682,3.0,235.0,111.13210450112705,107.0,42.93212719039054,0.0,236.0,94.14344550038464,97.0,36.026617458041045,0.5819742145057625,57.45763653709831,121.1221648349253,10.588205962521814
0.190704068225705,0.8042099767961229,0.004516388888888889,12.0,255.0,120.91938311089243,108.0,54.05240159602838,7.0,253.0,108.23521434282551,99.0,54.09840729575378,1.0,255.0,96.47320560920106,92.0,48.04046358691892,0.4904152430177454,77.41734778029432,136.74499143636535,11.095198420540893
0.3828074013288117,0.974856196622002,0.005293819444444445,6.0,249.0,109.22388267240362,102.0,52.84977647706895,3.0,241.0,95.9410764649552,85.0,47.96163318759977,6.0,247.0,95.96625257441198,89.0,42.49250435377242,0.5333827403031757,72.18871210980565,114.02846100799,10.146857797351311
0.22173009499408333,0.8216270961120783,0.00640275,10.0,255.0,154.22360400695882,151.0,52.59988447095705,0.0,255.0,123.15572735673473,116.0,48.499472652515884,0.0,255.0,92.55566618510275,76.0,56.79161351519808,0.7168756799176231,43.87178024952751,84.23142263217942,8.883256856130398
0.378984753778892,0.6758430482165477,0.008252041666666666,5.0,255.0,142.42192083777246,133.0,56.91250770390363,0.0,255.0,113.20230010418297,104.0,51.69067648721681,0.0,255.0,84.43984737783747,71.0,49.36626981544468,0.6318245934106477,68.82958477200891,69.78781868590035,8.053275571477466
0.5374754332627835,0.716375476785548,0.004345680555555556,9.0,255.0,118.27475238822713,119.0,49.58093500289514,5.0,255.0,90.73862615815833,83.0,51.913404264744244,0.0,255.0,63.869790884307214,54.0,45.54892978426326,0.7883290882273913,79.30361763454003,155.73291389840088,11.889813141812908
0.17748062082755303,0.6872626075631345,0.007107652777777778,0.0,255.0,68.5216013256447,59.0,52.37274801686585,0.0,255.0,46.793024341916286,35.0,42.66913830760925,0.0,255.0,36.215825665216094,21.0,43.27977657458451,0.7428322404685586,44.23929925214759,199.68185995722678,12.95665804191475
0.23566306665022288,0.9232478865771004,0.006962625,17.0,255.0,156.86754077824256,148.0,55.371278033724366,0.0,255.0,123.72046582048198,115.0,46.79927669307374,0.0,255.0,93.07091634101921,74.0,57.95059765194081,0.5152757076153816,36.16919340189428,79.98864089043869,8.616318321864892
0.1692874198248642,0.7531857691681176,0.004299458333333333,7.0,255.0,124.27028598563773,119.0,51.28228649027972,3.0,255.0,101.94294500922274,104.0,45.808230111256776,0.0,255.0,85.13152496600024,82.0,49.39329035673523,0.6256823008505052,45.32379839538782,142.1848406297649,11.296534336280049
0.3315314601672878,0.965431754193505,0.007481375,12.0,255.0,131.04455508958358,124.0,47.10593034280333,5.0,255.0,107.77538665463679,110.0,42.89092504826547,0.0,255.0,76.48594379746741,73.0,39.13203796857429,0.6010084580716438,63.875926245411414,75.78856219395541,8.289279117687476
0.5057255270700896,0.9839780009245188,0.010058208333333334,12.0,255.0,132.93123913442724,121.0,54.56036340873347,6.0,255.0,111.19710269804513,99.0,49.64645987701916,4.0,255.0,110.54521528160389,98.0,55.248309684339574,0.696464505725756,37.88256895106755,53.372412651868956,7.05981771007841
0.4475122230111236,0.8933065994418085,0.009226819444444444,5.0,255.0,113.5152145541906,109.0,48.61806197582504,0.0,255.0,102.55292467158691,103.0,47.26273897940824,0.0,255.0,92.21844080736862,84.0,50.10965232472481,0.450676269330945,55.79167108346932,59.44440786053754,7.430255309908561
0.206234381507917,0.8022500333088446,0.008030083333333334,1.0,252.0,88.55858698020984,89.0,57.33113764033814,1.0,237.0,70.75316950495187,62.0,51.996420921777634,0.0,255.0,62.46699563793098,53.0,52.924003848508704,0.5952658101702343,37.574521177615715,114.8700318632676,10.008746014123583
0.196699598494605,0.6521791056869546,0.008940708333333333,14.0,255.0,126.30378993710106,117.0,47.453388323490984,10.0,255.0,98.99759371538732,93.0,40.26497689149171,0.0,255.0,81.6183079578271,68.0,50.34259664829166,0.788359536554203,34.896272267342404,64.47567194111257,7.699243480663312
0.24484763219145816,0.7431258137357967,0.005617777777777778,3.0,255.0,114.56958316851266,114.0,70.22780217923902,0.0,255.0,104.61769432357595,101.0,67.79084800534316,0.0,255.0,90.01268295094937,82.0,68.28030468048487,0.7756949748752007,42.83533037091468,120.61220931894796,10.6236024139828
0.6452199079720964,0.8077262225343242,0.005001291666666667,7.0,255.0,83.9313843923653,76.0,49.065247674860146,5.0,237.0,73.53891633550222,66.0,43.73806799722845,5.0,255.0,87.82356224641967,77.0,51.00899925583098,0.5548791090739519,181.8688424062655,156.59393285674932,11.63077520735655
0.42456465586367187,0.6840510630730532,0.0042421805555555555,3.0,255.0,115.30876416413204,107.0,53.55331193213136,0.0,255.0,106.3922281845356,97.0,51.9179894892823,0.0,255.0,95.57403654436104,87.0,46.12439300471439,0.8332797090999738,119.74882983517985,143.4156123498423,11.36968954238915
0.38476594346707027,0.6194371581200879,0.004694152777777778,2.0,255.0,151.9007216424689,159.0,58.442886948953685,0.0,255.0,140.132641377127,145.0,56.11725735698006,0.0,255.0,141.62409202938645,141.0,54.28439419006247,0.8727376120114639,76.55817233416823,97.81981580094845,9.69822308217683
0.08496206826788155,0.8767296925006018,0.008138555555555555,32.0,255.0,162.5102512730897,164.0,44.82983198065863,17.0,249.0,140.52752501808948,145.0,43.47757323171786,0.0,255.0,132.03731381490027,132.0,56.8184538536358,0.5634030246423446,31.9979177687369,51.47358341683035,7.094045916362802
0.244903868588324,0.7057324840764331,0.00790675,13.0,255.0,138.17811960947574,139.0,44.348026304776006,7.0,234.0,122.6260947924242,128.0,41.26628561092313,7.0,255.0,123.3544703365268,123.0,47.29543120133609,0.7119829104524926,53.09283681120477,53.72344465818514,7.233144636258168
0.244903868588324,0.7057324840764331,0.00790675,37.0,255.0,108.92215160745214,96.0,55.64758822542541,16.0,246.0,115.49670113089027,105.0,36.50469574630227,17.0,255.0,96.28874414617609,77.0,54.04012456726421,0.7119829104524926,53.09283681120477,73.36172219286486,8.186740688098789
0.21414944227811133,0.8048042497723854,0.006391666666666667,0.0,249.0,116.9197175141243,115.0,54.241295640160835,0.0,234.0,97.98906996957844,102.0,48.00909570451149,1.0,255.0,91.55222729248153,86.0,45.074192995794526,0.4444576717054027,50.28272536534548,87.78224437736293,9.025965978953439
0.24686998830547033,0.5600820533723462,0.003528402777777778,4.0,255.0,111.39601251746738,105.0,57.96488379691311,3.0,245.0,89.18157019425692,80.0,53.691996366132855,0.0,255.0,82.05299061189946,72.0,52.42775488553094,0.7752967131708515,44.418409328033036,205.16432994063825,13.525529356290628
0.4263074187580176,0.3951233560893895,0.012455958333333333,22.0,255.0,215.195609196402,235.0,45.71260326772408,26.0,255.0,213.3180996600244,233.0,43.73345308823929,33.0,255.0,218.4906922055375,238.0,49.949859615075816,0.9489731160379342,76.21813540401557,24.805836820224588,5.136459906687399
0.4035615158135692,0.3830342626646987,0.013195083333333333,30.0,255.0,180.7410114878648,194.0,39.12277101667259,31.0,255.0,178.9618418476579,193.0,37.46315237041561,27.0,255.0,185.1421225919587,195.0,42.98783215002112,0.9527617638295193,61.99166231886178,23.51943200897618,4.9989389651862615
0.11182529206082566,0.8027530169078234,0.007948375,0.0,255.0,79.78968796906426,82.0,61.01365562411755,0.0,255.0,68.84716827164183,66.0,53.789754225613024,0.0,255.0,71.69117726719124,68.0,57.21532692847228,0.598923922380585,17.33140166041084,95.27921233137316,9.407447951809186
0.5060512899128135,0.9471523105938859,0.003923125,5.0,255.0,79.30273485210557,75.0,45.50559584810389,5.0,255.0,72.77605721062787,71.0,44.16331125391191,1.0,255.0,54.56003752677323,48.0,35.30209793147851,0.7152405882330294,82.60424863084783,225.4764778181629,13.743689183385243
0.26229817569676983,0.6610636913358497,0.010828930555555555,0.0,255.0,187.38958268937503,215.0,59.431266211928666,2.0,255.0,186.92291097792307,212.0,59.436851297869694,0.0,255.0,175.94620890797927,192.0,60.314912225702415,0.8119614090081055,69.68831521749621,32.82009985433489,5.831332891869852
0.22809281952362048,0.6683707922609278,0.013939041666666667,10.0,255.0,191.34150183686708,216.0,56.15907398083645,8.0,255.0,190.0207799635516,213.0,57.16336629235379,5.0,255.0,181.39798587301254,195.0,57.53008189038813,0.7883948619937254,62.220277210042184,23.561299745353953,5.00200083494732
0.305115027600639,0.9193502346969963,0.007451541666666667,3.0,255.0,143.8417534775615,133.0,62.00546944355667,1.0,255.0,110.47514962414564,94.0,58.787798411555855,0.0,255.0,110.4971193507682,97.0,59.54458732030131,0.500133188707261,81.03442988179549,78.52460782818946,8.538961627942763
0.28931171086514246,0.9390122050015289,0.008239208333333333,0.0,255.0,104.50544736127898,91.0,55.26018241159228,0.0,255.0,77.85279228890316,61.0,54.03290208585421,0.0,255.0,70.50005141405508,55.0,50.47127486495162,0.5958197979169074,52.81996463531151,101.23929771119634,9.408813584273103
0.4307537067597922,0.9163021250302159,0.008868416666666667,3.0,248.0,90.89539815136737,93.0,53.041251138398124,0.0,230.0,55.406790013249264,47.0,40.96563613586504,0.0,249.0,80.84584809389125,77.0,49.57126277999073,0.6438171832414008,49.17278043583782,82.99080350640479,8.68887238336861
0.30030220589261564,0.958895653698288,0.007844291666666666,0.0,255.0,70.34554674400529,57.0,54.463434966612915,0.0,255.0,47.20726324344135,31.0,42.63557245697926,0.0,255.0,57.570570602472785,41.0,50.80194246102847,0.45579504458398995,68.57080415528182,128.18751781804275,10.703543128511448
0.3779328041247097,0.9221736039376568,0.00783175,0.0,255.0,63.246987866341776,53.0,50.86940109117089,0.0,255.0,40.83867838534739,27.0,38.728491175495286,0.0,255.0,50.635617837648034,34.0,47.04314940589663,0.6677764803446197,64.7479013511014,142.80703434062804,11.208588761683
0.22612745969256748,0.753836825228226,0.012178166666666667,0.0,255.0,73.70791534941858,65.0,52.85189023372037,0.0,255.0,60.30449985630021,50.0,47.79244376908763,0.0,255.0,49.699310469099984,33.0,47.41371792382136,0.7455444177415267,66.01335281789149,91.28586668963884,8.81390324569605
0.249227146173365,0.7912560822840621,0.009459736111111111,4.0,255.0,140.88049936793516,141.0,83.3151278246453,0.0,230.0,74.56732555083607,59.0,50.70335671323121,0.0,255.0,91.13652160252298,89.0,51.53507122157671,0.7686557260117017,39.270159151016315,80.70037731763685,8.586154752334808
0.3232726655963604,0.900733588094979,0.006763263888888889,0.0,255.0,63.189645860500455,40.0,64.6294757167951,0.0,207.0,36.08065632347958,19.0,37.04187454131657,0.0,234.0,42.03566859360721,26.0,43.64163089112714,0.6728639197287286,73.4791767079,276.412051267298,14.994519076046943
0.3866940326648579,0.8570481054282094,0.012207416666666667,0.0,236.0,81.03563976362275,97.0,54.42810172443836,0.0,197.0,61.55434196424305,66.0,41.67281630782507,0.0,206.0,58.712988688570476,59.0,40.74911421301754,0.49517118689286393,63.0847822246041,56.30048320780887,7.2603483954575285
0.28362309671352504,0.6686223890721767,0.02300626388888889,4.0,255.0,116.18697323373888,117.0,52.12791120254571,2.0,255.0,105.4775716275338,103.0,55.33725761934386,0.0,255.0,81.30301047238946,78.0,47.65913661763992,0.8576508344147498,63.77124806957862,21.652177674295242,4.619630432894398
0.21688806645195782,0.7469861084703827,0.01248475,0.0,230.0,50.54562121343595,27.0,51.38129345712074,0.0,208.0,44.90806673029986,21.0,49.41981511081494,0.0,255.0,47.06847353771602,25.0,49.71733150876019,0.7387893246440889,52.520295093247846,106.2548272869306,9.725479803478386
0.1788242734045479,0.8832521759737265,0.011619097222222222,0.0,225.0,61.44338045004931,47.0,49.53145273404987,0.0,201.0,57.856088216836504,39.0,49.47593212925654,0.0,226.0,50.10619131578161,34.0,45.706195410859095,0.6713689194377971,50.62908358242173,83.22836589912868,8.681403943650059
0.3174817907603415,0.9500274076081913,0.007246972222222222,15.0,255.0,140.18455791882434,138.0,55.127218254582615,0.0,255.0,112.83161358575038,107.0,48.45570645369322,0.0,255.0,105.66142181984047,99.0,54.407340508336866,0.6579628403655603,54.58967785712343,73.35465718059488,8.281742255606884
0.40811018266286825,0.8888787697627003,0.021103166666666666,13.0,255.0,187.23241048605132,201.0,55.810176983197444,11.0,255.0,170.20538518442467,184.0,53.60535328510341,10.0,255.0,152.6855211303201,166.0,48.713515733467695,0.7795845366960567,72.92094953437905,15.212172309113484,4.0531679324384
0.6181441706126286,0.7858944355869947,0.009033555555555555,19.0,255.0,154.78137530442055,158.0,45.545000786744296,17.0,255.0,135.69457854665322,132.0,49.59630297516832,13.0,255.0,126.91816160734054,127.0,54.5889174672709,0.8188374503787338,113.5191913907076,47.70208272930703,6.83132272606813
0.24485516667320048,0.969179462332034,0.003611,0.0,255.0,64.54610141850519,47.0,54.560804418254605,0.0,255.0,56.38186944213668,36.0,50.02751342522865,0.0,255.0,42.26043109018739,25.0,42.45119908813466,0.46353945805850644,40.97284267809227,336.277762553865,17.035271986749013
0.4925864158850735,0.8658994907986438,0.004108041666666667,0.0,255.0,57.092521781465216,38.0,51.851572451949025,0.0,255.0,47.9957975380267,29.0,45.87597747503047,0.0,255.0,37.495288712180376,19.0,46.786175311957855,0.48736767125913627,51.124311734803,387.94831643021143,18.03859671989153
0.3563920284227762,0.9651904387334862,0.004515625,0.0,255.0,72.60908573625528,52.0,59.91080260436272,0.0,255.0,72.53419761630143,55.0,58.760370983120765,0.0,255.0,76.91844982698962,62.0,60.87832072223988,0.652949564078331,80.52359725819468,200.7706388593741,13.47223199831724
0.1626748319730305,0.984326639799061,0.002133458333333333,2.0,255.0,72.45839761993112,66.0,49.4612311793315,3.0,255.0,80.8242095189735,74.0,54.57306027050572,0.0,255.0,64.79707569217949,47.0,54.522747968784735,0.4838949778441443,33.201956259792155,424.97736531512305,19.30568338636049
0.39068134002145377,0.8101865125590416,0.004541333333333333,4.0,255.0,117.5688062732433,113.0,52.044538007603535,2.0,255.0,101.40415198669015,107.0,50.80077160448332,0.0,255.0,74.78958394499902,67.0,46.894236972789656,0.6204111713570039,41.47238936071208,137.55459396164045,11.208033491009195
0.29234295943405664,0.7899639637605606,0.011709027777777778,0.0,255.0,64.97426843010497,60.0,51.63241015859543,0.0,255.0,56.22030365933219,43.0,48.02292639743807,0.0,255.0,46.83419251527193,31.0,47.17361776078317,0.6056889087305568,38.14572282274703,89.48581657224995,8.824524482562227
0.3630867891305431,0.9857988165680474,0.005358791666666667,3.0,247.0,69.99023670862782,51.0,57.36548644777741,2.0,255.0,58.93270145373776,43.0,47.97927667830672,0.0,255.0,45.41641591051051,31.0,41.08701352174409,0.4499906657022782,37.11275880409415,220.00711193683284,13.829713581411614
0.3515944160395858,0.8439169642834791,0.0120095,0.0,255.0,115.65409906971796,119.0,67.8750974696064,0.0,255.0,94.63771851913532,94.0,62.417485793960516,0.0,255.0,84.80132395187144,72.0,62.910206918717954,0.17052011791970573,47.95501543547889,56.152189562062354,7.246855106978095
0.3048211678734334,0.833792982828481,0.007726083333333333,3.0,255.0,114.633521368812,115.0,54.7867257573538,0.0,255.0,97.7098806711752,104.0,54.35300194795935,0.0,255.0,75.5630386245726,63.0,53.27432656327665,0.6413941938605757,50.69564341761891,83.06515470202648,8.7336512327145
0.19186594775997098,0.7851095020508974,0.0064605416666666665,2.0,255.0,141.64459034437687,146.0,64.15166030448523,1.0,255.0,118.02935770349494,116.0,63.13642269762459,0.0,255.0,98.93919498494063,93.0,61.660242022289474,0.5102893756608354,55.45238208066658,87.343923522697,9.083864290925963
0.3332339061702207,0.8380411237264525,0.015961416666666665,0.0,255.0,89.95101642676524,80.0,63.1264385494182,0.0,255.0,74.29211327315349,62.0,57.89339780563883,0.0,255.0,65.73175591835172,48.0,58.04186816984746,0.7200030901185649,33.28932050857544,59.56390288060685,7.27227228873803
0.2167159538081152,0.6738931125912325,0.014472125,0.0,255.0,86.24627132811833,73.0,69.15350828614409,0.0,255.0,76.0872606629795,58.0,65.67156892868968,0.0,255.0,64.87973047803584,43.0,64.15269906494771,0.7890871965074753,29.559003567289835,71.73038669036845,8.015371790271526
0.20521385063129233,0.8241021792545831,0.012828625,0.0,255.0,94.69786425972299,81.0,65.11812060350474,0.0,255.0,80.73899623346661,64.0,60.950526298198994,0.0,255.0,69.59042007836209,48.0,62.48456431326421,0.3969548775398287,43.1772947707209,73.74819080118547,8.092548137685737
0.31719183743825824,0.8890884022583063,0.013378166666666667,2.0,255.0,111.52193457831375,106.0,68.45712673465599,0.0,255.0,95.65791692101973,87.0,64.46151115597758,0.0,255.0,84.60774707545878,65.0,68.33706146630144,0.5512539740665617,60.73777573243018,57.947769221058586,7.268959312584704
0.12324600900072916,0.8830296207051465,0.0025737083333333332,18.0,255.0,143.70944972397157,139.0,59.170251111348094,14.0,255.0,136.4037462157393,131.0,57.78313120588826,0.0,255.0,125.03914045340974,125.0,58.555025218094244,0.4428827960650022,18.720937249972383,202.39740686730752,13.77771231818805
0.22384617242222035,0.7489459828139958,0.007491333333333333,11.0,255.0,136.7709760908902,136.0,47.929159340927846,12.0,254.0,127.46873238705467,123.0,43.61530415652769,0.0,255.0,106.50590867965946,104.0,47.028084772936324,0.9126880805859201,57.055470698488044,62.77530577474461,7.7209293494867275
0.37681681656554655,0.6601147507788785,0.01091025,15.0,240.0,106.04842413734282,106.0,35.3455231691979,8.0,236.0,87.06292120814015,86.0,39.812279185379595,0.0,246.0,74.34369183922357,69.0,42.34945265263967,0.5487475271770403,74.86471158263186,45.80072366586719,6.623767944350154
0.3533792164365437,0.8377066935147247,0.00844376388888889,1.0,255.0,86.69805461295401,80.0,62.36404408732559,0.0,255.0,83.51536225781354,72.0,64.12618879721114,0.0,255.0,68.93435490689217,53.0,59.7082999738044,0.7077651993907554,50.99762275485265,99.26834747086983,9.517284098286824
0.26424734660324467,0.8331038403154448,0.009757,3.0,255.0,85.493191497842,72.0,60.75422095534657,0.0,253.0,71.5519712343275,54.0,58.1498839256037,0.0,255.0,67.54166951362555,55.0,55.42551823428311,0.556549896930778,56.26002947290409,94.25212154716974,9.176830254012238
0.3253079095208576,0.6234405607903093,0.0043435,2.0,255.0,91.38113784326517,97.0,66.08754629695328,1.0,255.0,77.06552575368046,72.0,61.519545210685585,0.0,255.0,79.05438842203549,66.0,71.49688533047811,0.6712348283737932,32.140185817192695,187.46720152997486,13.119155990089116
0.31880168164758665,0.9204700743383643,0.008925666666666667,0.0,255.0,100.58214917030786,97.0,43.770448303829205,0.0,250.0,80.20718807185271,83.0,38.25326483661868,0.0,236.0,54.82701261032478,51.0,31.026762874813027,0.5574876101145773,52.37397142928911,70.19092434453867,7.974438251176754
0.26159476519355723,0.5152806090169156,0.008899902777777777,2.0,234.0,83.80033021584194,76.0,56.36730134005082,1.0,223.0,73.23867457977849,63.0,52.236713968155094,0.0,255.0,77.43630002200399,58.0,61.883375080773384,0.8098755364327079,51.94882909697748,83.18538029516696,8.821631360664044
0.20642279070326602,0.6542946751968977,0.0057674722222222224,14.0,255.0,148.1031118003747,154.0,48.96924572875449,7.0,242.0,124.11433614764796,126.0,46.144169182798585,8.0,255.0,121.5345809111444,113.0,58.618048341468665,0.7408117257459473,26.886565971936957,81.49218521740605,8.831928902001778
0.1801148943399289,0.712482240190723,0.0027260694444444446,17.0,255.0,149.51025336641584,157.0,45.59258729260682,10.0,255.0,128.509045889228,138.0,45.699162713776026,4.0,255.0,115.63683977236253,119.0,43.149168252282095,0.6846876252988483,30.276009660995783,162.45632099581113,12.490325982491507
0.320967149814316,0.7738993253501172,0.004325166666666666,4.0,250.0,102.01143822331831,116.0,46.67989088401064,3.0,235.0,93.91405276611049,107.0,44.532821296517156,2.0,233.0,83.52421871989519,86.0,37.24256695383008,0.7943252539538103,46.76677386679004,124.79760333051715,10.76026912416502
0.5491174503691106,0.9142440586137702,0.013130569444444445,7.0,255.0,121.85413279655934,123.0,55.30810218421019,8.0,249.0,112.36626785882393,120.0,46.374749547695885,4.0,255.0,93.6615647751589,92.0,40.507788826028985,0.47968483614144564,74.18202643436445,37.010314513176425,5.944374898240213
0.611599151814622,0.6921308492642438,0.0024499722222222223,2.0,255.0,83.38800893434166,82.0,53.315627175057486,0.0,255.0,80.8505595301534,75.0,54.2113083091733,1.0,255.0,71.85426705518204,54.0,58.630371507111136,0.6578556132212318,59.4439288974206,359.77509013014696,17.738518487071424
0.31230451855668934,0.9518004837020029,0.0393745,3.0,255.0,56.33528961919799,24.0,63.37191271586538,0.0,255.0,34.13407754031444,18.0,42.000823356111944,0.0,255.0,26.879395293908495,14.0,43.280928860738086,0.6733984621773026,25.269502153872686,58.58499297933164,7.26054420639569
0.3469616315478615,0.4429407957906277,0.022888166666666668,0.0,255.0,115.06090362074532,105.0,78.50006726118077,0.0,255.0,89.37359673970295,71.0,68.06048580777971,0.0,255.0,72.43051419098175,47.0,64.3949163126942,0.8948909401883163,55.11051360068845,32.72899261385617,5.595056339394951
0.8239185887844517,0.5007117191972243,0.024668319444444444,0.0,255.0,79.10446709933287,61.0,62.96618187531469,0.0,255.0,66.19782570875037,49.0,57.874411236442924,0.0,255.0,59.510005241765896,42.0,57.033619711880284,0.9417689548993019,109.60677523729464,42.66489925497015,6.17765160081998
0.3896255117377893,0.6256849866398672,0.007588638888888889,2.0,226.0,92.28919510525603,98.0,51.08970048868302,0.0,218.0,72.56450615137395,72.0,46.22139920347144,0.0,233.0,59.03588881039273,53.0,42.25927883971372,0.8127528809533796,96.428640151527,93.23931614490888,9.227292895397383
0.3679837830215113,0.8842448086589791,0.007826583333333333,3.0,236.0,93.43841679177447,84.0,55.59098623368496,1.0,231.0,75.83548412284344,64.0,53.8798578830738,0.0,245.0,59.99773386286765,50.0,46.70103176455515,0.7295161988269692,77.42286284904087,106.30255689764377,9.738763655594841
0.5208771967848854,0.7943055594319675,0.0067853194444444445,3.0,220.0,94.15033272403862,99.0,50.096221902934225,2.0,210.0,73.51106453270233,66.0,45.76672971111801,0.0,214.0,54.52765877312744,45.0,38.62381525311696,0.7222590536153368,165.53810663101402,105.79853272838064,9.835155737984111
0.4117671658481541,0.8764027528892024,0.008917069444444444,2.0,228.0,86.80148716023731,87.0,55.00009038581825,0.0,221.0,67.48573662560413,54.0,50.84452357549433,0.0,216.0,45.58439727800457,35.0,38.467564629015534,0.5969530296114489,108.59683029058651,96.11174074160157,9.357724659103456
0.3986009749953329,0.8319219063014781,0.008049375,2.0,253.0,88.77204061737022,92.0,53.07329191814082,0.0,242.0,70.71446885972858,69.0,46.6177875457435,2.0,255.0,81.32869701753931,80.0,51.08373586854861,0.8223559472668381,45.12043452955984,84.8031953674599,8.829449558559615
0.5380079179058912,0.6864306905242379,0.002076888888888889,13.0,228.0,113.5014444682217,110.0,52.71550807820259,9.0,218.0,88.2204084635138,71.0,54.18687327848662,2.0,202.0,63.12181013267708,39.0,53.01150870859483,0.6471766678543253,60.36352111980538,354.21691466055063,17.978877365490078
0.2981381218062229,0.6549766339356375,0.0024317916666666667,2.0,255.0,75.54136467739264,72.0,37.890965008328806,2.0,255.0,62.234743473319284,56.0,37.473170256139106,0.0,248.0,43.95999748699233,40.0,27.608286588934888,0.7396343401457777,147.2974529890835,303.3802737919648,16.40068291653349
0.3466165248318229,0.9848032652034218,0.0020834166666666666,7.0,214.0,98.70078530192126,98.0,46.799467155566,7.0,208.0,75.14430089463089,70.0,43.46632570423634,0.0,204.0,55.65772702425237,47.0,38.47385902589239,0.7762780615620086,49.150424563812805,330.301488190857,17.376982734359
0.37126648808393375,0.7149815258267617,0.006683458333333333,7.0,255.0,89.27736596780193,82.0,52.39772591626998,2.0,255.0,65.28778763489461,52.0,46.710059840511875,0.0,255.0,56.7122331460966,46.0,39.2679592748331,0.7525509928389723,59.147159106337256,129.48591662024552,10.599585683506414
0.6185602109113292,0.773535702346509,0.0023441944444444443,5.0,252.0,79.89422450261284,60.0,54.35581489040243,4.0,239.0,60.23645293929447,37.0,52.16421199985387,0.0,233.0,57.192093943666976,31.0,51.857752143569,0.6485349202120725,72.74007497830557,393.8587013957993,18.96198907284532
0.49911543801999897,0.9441263227228803,0.003986416666666667,6.0,255.0,140.45174934325593,141.0,57.828557265181644,3.0,255.0,111.76824076203218,119.0,52.95813713739536,3.0,255.0,103.18029976796204,102.0,53.47460114681416,0.3895680448185199,40.03802157733029,135.04425943031225,11.239667318609829
0.4129647823815804,0.7060641371707909,0.007788888888888889,0.0,255.0,127.06082382310984,125.0,62.59178457761771,0.0,255.0,101.6260057061341,96.0,60.36123553431987,0.0,255.0,77.42946683309557,63.0,59.83946465389906,0.6874177521486319,46.18314534679064,85.44933493308594,8.88912235310683
